{
  "project_info": {
    "project_number": "922930729672",
    "project_id": "ebc-3de1c",
    "storage_bucket": "ebc-3de1c.appspot.com"
  },
  "client": [
    {
      "client_info": {
        "mobilesdk_app_id": "1:922930729672:android:f64d1cce7595b182e38bfd",
        "android_client_info": {
          "package_name": "com.example.ebc"
        }
      },
      "oauth_client": [
        {
          "client_id": "922930729672-36hdnalhmcebos906jgjet5gpch3jlej.apps.googleusercontent.com",
          "client_type": 3
        }
      ],
      "api_key": [
        {
          "current_key": "AIzaSyBV0rq-aqIJTswnZaz7_u6z12JIgXEkK0w"
        }
      ],
      "services": {
        "appinvite_service": {
          "other_platform_oauth_client": [
            {
              "client_id": "922930729672-36hdnalhmcebos906jgjet5gpch3jlej.apps.googleusercontent.com",
              "client_type": 3
            }
          ]
        }
      }
    }
  ],
  "configuration_version": "1"
}